Korean,English
것,thing
하다,do
있다,have
있다,have
되다,to be
수,Number
하다,do
나,me
그,that
없다,none
않다,not
사람,person
우리,Us
이,this
그,that
아니다,no
보다,see
등,etc
때,at the time
거,thing
보다,see
같다,same
주다,give
대하다,treat
가다,go
년,year
한,One
말,word
일,Work
이,this
때문,because
말하다,speak
위하다,for
그러나,But
오다,come
알다,to know
씨,Seed
그렇다,Yes
크다,Big
또,In addition
일,Work
사회,society
많다,many
안,not
좋다,good
더,more
받다,receive
그것,that
집,House
나오다,come out
따르다,follow
그리고,and
문제,problem
그런,then
살다,live
저,I
못하다,Can not do it
생각하다,Think
모르다,do not know
속,inside
만들다,make
데,place
두,two
앞,front
경우,case
중,middle
어떤,which
잘,well
그녀,she
먹다,eat
오다,come
자신,Myself
문화,culture
원,one
생각,thought
어떻다,how
명,number of people
통하다,pass
그러다,Then
소리,sound
다시,again
다른,Different
이런,this
여자,Woman
개,dog
정도,degree
뒤,back
듣다,listen
다,all
좀,A little
들다,Hold
싶다,want
보이다,show
가지다,have
함께,together
아이,kid
지나다,pass by
많이,A lot of
시간,hour
너,you
주다,give
인간,human
사실,actually
나다,grow
이렇다,So
어머니,Mother
눈,eye
뭐,what
점,dot
의하다,be due to
시대,era
다음,next
이러하다,So
누구,who
전,Jeon
곳,place
여러,several
안,not
하나,one
세계,world
버리다,throw away
위,stomach
운동,Exercise
퍼센트,percent
학교,school
자기,self
가장,the most
대통령,President
가지,egg plant
들다,Hold
시작하다,start
바로,as soon as
어느,which
그래서,therefore
무엇,what
정부,government
모든,every
번,th
그거,it
돈,money
국가,country
그런데,However
날,me
여기,here
모두,all
여성,woman
친구,friend
마음,mind
후,after
가다,go
놓다,put
관계,relationship
아버지,father
남자,man
어디,where
몸,body
얼굴,Face
들어가다,enter
왜,Why
나타나다,appear
말다,roll
지역,area
다르다,different
모습,figure
물,water
만나다,meet
내다,Pay
보이다,show
쓰다,write
이것,this
없이,without
이번,this time
길,road
생활,life
쓰다,write
지금,now
뿐,only
사이,between
방법,Way
새롭다,new
우리나라,our country
내다,Pay
앉다,Sit
처음,first
손,hand
몇,some
그때,at that time
과정,process
삶,Life
갖다,have
찾다,find
특히,Especially
시,city
이상,more
지금,now
나가다,exit
이야기,story
교육,education
사다,buy
경제,economy
아직,yet
잡다,Catch
같이,together
선생님,Teacher
예술,art
서다,stand
못,pond
역사,history
읽다,read
이제,now
결과,result
내용,Contents
물론,of course
동안,During
책,book
일어나다,wake up
당신,you
시장,market
넣다,Insert
중요하다,It is important
무슨,what
느끼다,feel
어렵다,difficult
힘,strength
너무,Too
나라,country
부르다,call
의미,meaning
자리,seat
밝히다,clarify
죽다,die
이미,already
쪽,side
정치,politics
국민,nation
생명,life
얘기,story
학생,student
연구,research
엄마,mom
이름,name
하나,one
내리다,take off
사건,Incident
및,and
쉽다,easy
짓다,build
또한,In addition
이유,Reason
또는,or
필요하다,necessary
글,writing
생기다,to happen
사용하다,use
남편,husband
들어오다,come in
밖,Out
세상,world
작다,small
타다,Ride
대학,University
작품,Work
상황,situation
가운데,middle
보내다,send
두다,put
즉,In other words
따라서,thus
상태,state
이후,after
당시,at that time
문학,literature
더욱,More
아주,quite
지방,Fat
밤,night
높다,high
최근,lately
채,stick
현실,reality
환경,environment
컴퓨터,computer
먼저,first
다니다,to go
얼마나,How
자체,itself
열다,open
머리,head
묻다,ask
남다,left
부분,part
기업,Enterprise
거기,there
변화,change
아들,son
뜻,meaning
아,Ah
기다리다,wait
떨어지다,fall
선거,election
관하다,Pure
분,minute
그냥,just
나누다,divide
이용하다,use
거의,almost
곧,soon
중심,center
활동,activity
오늘,today
서로,each other
관심,Attention
역시,also
이거,this
애,baby
광고,advertisement
나다,grow
방,room
정신,mental
이르다,early
땅,Earth
이루다,come true
아침,morning
웃다,laugh
현상,phenomenon
두다,put
떠나다,leave
기술,technology
전체,all
그래,okay
얻다,get
아름답다,beautiful
끝,End
민족,people
간,liver
조사,inspection
듯,Ash
입,mouth
뭐,what
그대로,as it is
영화,movie
필요,necessary
줄,line
하늘,sky
년대,In the year
과학,science
듯하다,look like
자연,nature
정말,really
구조,structure
결국,finally
밥,rice
입다,put on
오히려,rather
프로그램,program
네,Yes
이루어지다,come true
남,male
하루,day
그림,painting
적,enemy
터,place
마시다,drink
치다,hit
혼자,Alone
나가다,exit
이제,now
교수,Professor
술,alcohol
사랑,love
의식,Consciousness
전화,phone call
끝나다,end
돌아오다,Come back
맞다,right
아빠,dad
걸리다,hang
지키다,Protect
한번,once
커피,coffee
가슴,chest
길다,long
바라보다,Look at
알아보다,Inquire
회사,company
맛,taste
대부분,most
산업,industry
매우,Extremely
오르다,climb
음식,food
표정,expression
꼭,please
일부,part
요즘,Nowadays
계획,plan
느낌,feeling
얼마,how much
고개,head
성격,Personality
계속,continue
세기,century
세우다,set up
아내,wife
가족,family
현재,today
세,count
놓다,put
발전,Development
차,car
놀다,play
향하다,lean towards
관련,relation
형태,form
각,each
도시,city
작업,work
분위기,atmosphere
그러하다,It is true
자기,self
나이,age
우선,first of all
믿다,believe
바꾸다,change
낳다,give birth
바,bar
정보,information
열리다,open
좋아하다,like
그리다,draw
만큼,as much as
배우다,learn
시,city
역할,role
옆,side
행동,action
어,uh
국내,domestic
비하다,Unbear up
기관,Agency
입장,Entrance
만하다,be worth
예,Yes
아래,under
방식,method
영향,effect
그럼,then
나서다,launch
흐르다,flow
저,I
깊다,deep
배,ship
내,my
모양,shape
산,Mountain
새,bird
하지만,However
조건,condition
문,door
꽃,flower
단계,step
올리다,raise
그동안,Meantime
교사,teacher
갑자기,suddenly
넘다,exceed
지니다,carry
바람,wind
잘하다,Do well
마을,Town
어리다,young
대표,representative
가능성,Possibility
방향,direction
대회,Competition
목소리,voice
노래,Song
바다,Sea
힘들다,Hard
공부,study
움직이다,Move
의원,lawmaker
노력,effort
못하다,Can not do it
전혀,at all
언니,sister
단체,group
분,minute
알려지다,known
가능하다,possible
능력,ability
주장하다,Argue
자식,child
돌리다,turn
불,fire
주민,citizen
모으다,collect
자료,data
존재,existence
학년,grade
신문,newspaper
가지다,have
이해하다,Understand
제품,product
분야,Field
선생,teacher
돌아가다,return
사업,business
행위,Act
수준,level
지난해,Last year
표현,expression
기분,Feeling
대,big
젊다,young
동시,The same time
옷,clothes
기능,function
순간,Moment
전쟁,War
전,Jeon
꿈,dream
할머니,Grandma
회의,conference
방송,broadcast
이야기하다,Talk
나무,tree
자다,sleep
연극,theater
오늘,today
마찬가지,same here
걷다,To Walk
노동,labor
이때,At this time
과거,past
가치,value
시간,hour
집단,group
현대,Hyundai
살펴보다,Look at
장관,Minister
차이,difference
풀다,solve
시절,days
물건,thing
직접,directly
개인,personal
근데,However
발,foot
작가,Writer
효과,effect
불교,Buddhism
끌다,drag
대로,Road
빨리,Quickly
시작되다,Start
둘,two
말다,roll
설명하다,Explicate
우주,space
시기,period
마치,like
살,fat
생산,Produce
바라다,Hope
강하다,strong
경험,experience
음악,music
최고,Best
나타내다,Express
아프다,sick
적다,little
비,rain
고향,Hometown
놀라다,surprised
다양하다,Varies
울다,cry
농민,Farmers
드러나다,emerge
은행,Bank
지내다,stay
결혼,marriage
동생,Brother
법,law
소설,novel
예,Yes
오후,afternoon
질서,law
담다,Pose
모이다,gather
시민,citizen
회장,Chairman
빠르다,fast
스스로,self
아기,baby
아저씨,Mister
옛날,A long ago
이날,This day
제대로,properly
달,moon
던지다,Throw
참,Oh yeah
공간,space
이곳,this place
딸,daughter
마지막,last
벌이다,Be punishment
병원,hospital
자세,posture
강조하다,Emphasize
경찰,police
맡다,take on
저녁,dinner
한편,Meanwhile
그러면,then
기자,reporter
넓다,wide
시험,exam
잠,sleep
주로,mainly
훨씬,more
면,noodle
통일,unity
들어서다,Put on
건강,health
가깝다,close
건물,building
시설,facility
외국,foreign country
밑,bottom
어른,Adult
주변,around
대신,instead
원인,cause
팔다,sell
차례,order
군,army
열심히,hard
일하다,to work
재산,property
조금,little
팀,team
부모,parents
약간,slightly
언어,language
요구하다,request
올라가다,Go up
첫,First
감독,director
그날,that day
사실,actually
자주,often
당하다,encounter
삼다,make
약,approximately
기간,term
담배,tobacco
일으키다,Raise
일단,first
할아버지,grandfather
조직,Organization
태어나다,bear
공장,factory
벌써,already
즐기다,enjoy
지,Ji
환자,patient
변하다,change
사고,accident
그래도,still
아무리,no matter how
맞추다,set
쌀,rice
일반,Normal
재미있다,It is interesting
가르치다,teach
대화,conversation
막다,block
올해,this year
형,brother
달리,Unlike
버리다,throw away
붙이다,attach
인물,Character
늘,always
모두,all
전국,Nationwide
마치다,finish
전,Jeon
다만,but
도움,help
가정,home
걸다,bet
빠지다,fall
멀다,far
버스,Bus
오늘날,Today
잠시,for a bit
농업,Agriculture
대다,put
식,ceremony
의견,opinion
무대,stage
사진,picture
주장,opinion
표현하다,Express
인하다,Make
이상하다,weird
제일,most
붙다,pass
아마,maybe
얘기하다,talk
잇다,connect
조금,little
경기,game
목적,purpose
태도,attitude
남성,male
주위,around
대책,Measures
그만,stop
발생하다,to occur
다리,Leg
아무,nothing
어쩌다,What
재료,ingredient
각각,each
결코,never
옮기다,move
항상,always
해,Sun
잃다,lose
자유,freedom
책임,responsibility
바뀌다,change
비슷하다,Similar
심하다,Severe
경쟁,compete
달러,dollar
사랑하다,Love
아니,no
여름,summer
자라다,grow
회,episode
구체적,detailed
기회,chance
실시하다,Enforce
지구,Earth
번째,th
소비자,consumer
싫다,hate
규모,Scale
기준,standard
말,word
반드시,must
셈,count
갖추다,possess
그러니까,So
받아들이다,accept
값,value
현장,site
건설,erection
꺼내다,take out
노동자,worker
동네,town
언제나,always
완전히,completely
자동차,car
전하다,impart
존재하다,Exist
개월,month
맞다,right
별로,not really
어린이,child
정하다,Choose
한마디,one word
유지하다,maintain
이데올로기,Ideology
공부하다,study
대중,public
늘어나다,increase
닦다,To Wipe
만,just
말씀,words
괜찮다,Okay
눈물,tear
각종,various
빛,light
아니,no
피하다,avoid
거치다,pass through
나아가다,go forward
야,Hey
지식,knowledge
현재,today
여전히,yet
주인,master
발견하다,Discover
선,line
인류,humanity
특징,characteristic
드리다,give
선수,player
형식,form
마련하다,prepare
반,half
발표하다,Announce
주제,subject
걸치다,cover
겪다,experience
관점,aspect
귀,ear
기본,basic
미터,Meter
사라지다,Disappear
어떠하다,Have
감정,emotion
기억,Memory
놈,bloke
인기,popularity
배,ship
아파트,Apartment
가끔,sometimes
구성,Configuration
술,alcohol
실제로,in reality
짧다,short
고맙다,Thank you
관리,management
그곳,there
달다,Sweet
보다,see
비롯하다,False
과연,indeed
들리다,hear
달리다,run
바쁘다,busy
이전,Previous
인정하다,recognize
자,ruler
중앙,center
나쁘다,bad
불구하다,Despite
시키다,make someone do
게임,game
국제,International
그룹,group
인생,life
전통,tradition
기르다,cultivate
잔,glass
조사하다,Investigate
커다랗다,Crust
있다,have
시인,poet
언제,when
외,except
평가,evaluation
내려오다,go down
위치,location
줄이다,Reduce
가격,price
달라지다,to be different
비다,be empty
삼국,Three Kingdoms
손님,Guest
원하다,want
통신,communication
확인하다,check
모임,class
수,Number
아무,nothing
웃음,laugh
기계,machine
모양,shape
물질,matter
아나운서,announcer
뉴스,news
살아가다,Live
펴다,Spread
배,ship
수업,class
겨울,winter
종교,religion
층,floor
자연스럽다,natural
장,page
돌다,spin
식사,meal
안다,know
이해,understanding
잊다,forget
제시하다,Present
반,half
불과하다,Behold
혹은,or
엄청나다,tremendous
편,side
텔레비전,television
파악하다,Seize
편,side
실천,implement
노력하다,do the efforts
보호,protect
씻다,wash
한편,Meanwhile
늦다,late
이웃,Neighborhood
편지,letter
공동,public
까닭,reason
방안,measures
센티미터,centimeter
팔,eight
분명하다,Obvious
분석,analysis
소녀,girl
지나가다,Pass by
차,car
상품,Goods
설명,Explanation
훌륭하다,great
관계자,Officials
새로,New
세,count
이어지다,be connected
티브이,Tibie
봄,spring
종류,Kinds
낮다,low
어깨,shoulder
지적하다,Point out
부부,married couple
오래,long
요구,request
키우다,grow
눕다,lay down
발달하다,develop
발전하다,improve
여행,Travel
죽음,death
고통,pain
등장하다,appear
공,zero
듯이,As like
어울리다,comport
오월,May
쉬다,rest
알리다,inform
차다,cold
과,class
멀리,far
빼다,remove
예정,Expected
오빠,brother
즐겁다,fun
한계,Limit
흔히,Often
바탕,background
사월,April
싸우다,fight
언제,when
예쁘다,pretty
갈등,conflict
느껴지다,Felt
의지,will
전문,specialty
정확하다,Accurate
초기,Early
나중,later
등,etc
맛있다,delicious
며칠,few days
신경,nerve
찾아오다,come to
미,MI
사용,use
시선,Sight
아무런,No
언론,Press
투자,invest
지원,support
결정하다,decide
경영,management
목표,goal
성장,growth
숲,forest
없어지다,Run out
작년,last year
내려가다,go down
떠오르다,fly
미치다,crazy
새벽,dawn
쓰레기,Garbage
얼른,hurry
임금,wage
피해,Harm
한,One
무섭다,scary
직장,rectal
참다,suppress
크기,size
고기,meat
남기다,leave
서양,Western
주요,main
지나치다,go too far
가져오다,Bring
냄새,smell
부드럽다,soft
여기다,It's here
이,this
공연,show
남녀,Men and women
내놓다,put out
떼다,cut
만들어지다,created
속도,speed
심각하다,Serious
준비,Ready
계속되다,Continue
구월,September
맑다,clear
소년,boy
소식,News
유월,June
작용,Action
허리,waist
골,goal
공업,industry
그중,among them
노인,old man
벌다,Earn
살리다,save
새,bird
영어,English
출신,Native
결정,decision
경향,tendency
기록,record
나름,depending on
대답하다,Answer
반면,On the other hand
썰다,chop
움직임,movement
이미지,image
터지다,To explode
특성,characteristic
교장,Principal
벗다,take off
업무,task
입시,Entrance
준비하다,Prepare
청소년,Youth
돕다,help
응,Huh
이기다,win
찾아보다,To look for
취하다,get drunk
다루다,treat
달,moon
사장,CEO
삼월,March
그렇지만,but
선배,Elder
업체,company
키,key
구하다,save
국회,Congress
그러므로,therefore
포함하다,Comprise
걱정,worry
결혼하다,Get married
만약,if
바르다,Cover
세월,time
숨,breath
행사,event
깨닫다,realize
누나,sister
신,God
왕,King
점점,Getting
질문,Questions
특별,Special
판단,judgment
해결하다,Settle
거리,Street
계속하다,Continue
그치다,stop
근처,around
너무나,too
높이다,heighten
부정,denial
사정,circumstances
도대체,why
막,membrane
부모님,parents
수출,Export
계시다,be there
그,that
자르다,cut
데리다,be accompanied
마리,number of animals
무척,very
비용,expense
비행기,airplane
옳다,right
원래,usually
처리,process
최초,first
꼴,form
놀이,play
뜨겁다,hot
뿌리,root
수입,income
초,candle
그리하여,therefore
낮,afternoon
일찍,early
직원,employee
찍다,hew
가볍다,light
내부,inside
다소,a little
상대,opponent
오전,morning
피부,skin
가게,shop
가득,full
그저,just
도,do
벽,Wall
장군,General
무역,Trade
부담,Burden
약속,Appointment
인사,greeting
줄,line
쳐다보다,To look at
충분히,fully
대,big
신체,body
에너지,energy
위원,commissioner
정리하다,organize
집안,house management
배경,background
죽이다,To kill
단순하다,simple
반대,the opposite
법칙,Rule
빠지다,fall
소금,Salt
오염,pollution
자전거,bike
참여하다,participate
탓,fault
푸르다,Purple
걔,Her
그래,okay
목,neck
발표,presentation
범죄,crime
위,stomach
흔들다,shake
기초,basic
논리,logic
드라마,drama
뽑다,select
피우다,smoke
감각,sense
미리,beforehand
부족하다,lack
인사,greeting
저희,we
진행되다,Proceed
교통,traffic
기구,Instrument
법,law
오랜,long-time
젊은이,young people
후보,candidate
거리,Street
과제,assignment
근거,Evidence
기록하다,Record
다가오다,to come closer
불다,blow
시각,Time
이끌다,lead
종합,Synthesis
한글,Hangul
가을,autumn
개발하다,Develop
내일,tomorrow
떨다,shiver
매일,everyday
손가락,finger
수단,Way
자,ruler
자유롭다,free
적극적,active
판매,sale
형성,formation
기울이다,Tilt
길이,length
장면,scene
점차,gradually
톤,ton
관련되다,It is related
급,class
나머지,Remainder
날씨,weather
더불다,Pay
동물,animal
의사,doctor
개방,Opening
건강하다,healthy
미래,future
앞서,previously
여러분,Everyone
왜냐하면,because
인구,population
기대하다,Expect
네,Yes
도착하다,arrive
병,party
소프트웨어,software
흘리다,spill
반응,reaction
주인공,Hero
당연하다,Naturalize
따뜻하다,Warm
따로,seperately
비판,Criticism
빌리다,borrow
세대,Generation
축구,Soccer
형님,brother
놓이다,go
당장,right now
무렵,At the time
밝다,bright
사물,objects
일반적,In general
장소,location
곱다,pretty
바닥,floor
새끼,young
생각되다,Fulfill
서비스,service
선택하다,Choose
심다,plant
적다,little
코,sleep
간단하다,Simple
고등학교,high school
공개,open
교실,classroom
스스로,self
견디다,Endure
기사,Article
막히다,blocked
매체,media
별,star
복잡하다,Complex
뿌리다,spread
영역,area
체험,experience
구속,Restriction
때로,Sometimes
어쩌면,perhaps
극복하다,Overcome
불법,illegal
비밀,Secret
색,color
쓰이다,write
일정하다,Settle
다지다,Dedicate
밝혀지다,Reveal
아까,earlier
알맞다,fit
이념,Ideology
희다,Whirl
가리키다,point out
모시다,wait on
발달,develop
수많다,A lot of
잘못,wrong
치르다,pay
평화,peace
공사,construction
돌,rock
똑같다,same
박사,doctor
성,Castle
전문가,professional
단지,only
말씀하다,Speak
무용,dancing
불리다,Blow
싸움,fight
자꾸,Repeatedly
차리다,Render
해외,Overseas
그리,picture
뜨다,to rise
문화재,Cultural Heritage
미소,smile
보통,commonly
식당,restaurant
의미하다,Make
이래,since
체육,Athletic
구성되다,consist of
독특하다,special
땀,sweat
사례,case
소개하다,introduce
잘되다,go well
추진하다,carry forward
칠월,July
틀,frame
평균,average
훈련,training
흐름,flow
십이월,Twelve months
쌓이다,To stack up
이익,profit
쥐다,hold
컵,cup
게다가,Besides
끓이다,boil
논문,thesis
멈추다,Stop
사용되다,be used
오랫동안,for a long time
위기,Danger
정당,party
종이,Paper
찾아가다,to go look for
폭력,violence
혹시,Perhaps
늘다,gain
양,sheep
절차,procedure
진짜,really
계시다,be there
공기,air
닿다,reach
물론,of course
속하다,Belong
올림픽,Olympic
이외,Other than
재미,fun
제공하다,Offer
증가하다,Increase
기대,expectation
떡,rice cake
식물,plant
옛,ancient
외치다,shout out
적어도,At least
편하다,relaxing
평,Flat
권리,rights
끝내다,finish
대답,answer
시작,start
어려움,difficulty
일주일,one week
자원,resource
춤,Dance
넘기다,to pass over
드리다,give
물체,object
분명히,clearly
시위,demonstration
아무것,nothing
온,On
젖다,get wet
제외하다,Except
최대,maximum
평소,usually
견해,View
깨끗하다,Clean
농사,farming
더구나,Moreover
안정,stability
어둠,darkness
어둡다,dark
어쨌든,anyway
주택,House
고장,breakdown
관련하다,Associate
눈길,line of vision
물어보다,ask
미안하다,I'm sorry
밀다,Push
스트레스,stress
음,Well
인사,greeting
주어지다,Given
고려하다,consider
과일,fruit
널리,extensively
농촌,Rural
올라오다,Climb
챙기다,take
고르다,choose
바르다,Cover
벌어지다,Turn up
소재,Material
전망,View
포기하다,give up
형성되다,Lay
고치다,Fix
그림자,shadow
눈,eye
다하다,fulfill
마침내,Finally
비교하다,compare
시월,October
커지다,grow big
한쪽,pair
검사,test
결론,conclusion
들이다,admit
맡기다,entrust
박물관,Museum
소문,rumor
싣다,load
쌓다,stack
어서,hurry
자녀,children
제목,title
짓,Act
판결,verdict
팔월,August
하얗다,White
희망,hope
가방,bag
군대,army
그만큼,that much
무어,Moore
비로소,for the first time
상대방,opponent
서구,Western
소유,possession
시골,countryside
실수,mistake
잘못되다,False
치료,cure
폭,width
호,like
내밀다,hold out
맞다,right
부문,sector
시리즈,series
임신,Pregnant
잡히다,be caught
해,Sun
규정,Rule
그램,gram
밭,field
분석하다,Analyze
식구,family
아예,At all
어찌,How
울리다,make cry
작용하다,Apply
확실하다,It is certainly
개선,Improving
그릇,Bowl
글자,letter
바람직하다,desirable
연구하다,Research
착하다,kind
개,dog
라디오,radio
마련,prepared
부동산,real estate
신화,mythology
양,sheep
점,dot
직업,job
거두다,Gave
방학,Vacation
범위,range
조상,Ancestor
철학,philosophy
검다,Black
곁,neighborhood
근본적,Fundamental
너희,you guys
대형,large
따다,Pick
문제점,problem
본격적,Earnest
불가능하다,impossible
인제,Inject
충격,Shock
퍼지다,spread
금방,soon
남쪽,South
누르다,Press down
미술,Art
백성,the people
상당히,Pretty
색깔,Color
요리,Cooking
유명하다,Famous
자네,You
기,energy
꽤,fairly
서로,each other
외국인,Foreigner
한참,long time
군사,Military
끊다,Quit
넘어가다,skip
담기다,Put out
마당,yard
부인,ma'am
서두르다,hurry
지적,Point out
짝,match
참으로,Indeed
충분하다,Suffice
기쁘다,pleased
뛰다,run
숙제,homework
앞두다,Ahead
예산,budget
온갖,All kinds of
우려,concern
우산,umbrella
기쁨,pleasure
깊이,depth
꾸미다,decorate
늘리다,increase
무릎,knee
발견되다,discovered
보호하다,Protect
시스템,system
이용,Use
지난달,last month
지르다,kick
참여,Participation
걸음,step
겨우,barely
마르다,dry
비교적,Comparative
애쓰다,whittle away
올바르다,Correct
책상,desk
춥다,cold
흔하다,common
높아지다,Rise
늙다,old
단위,unit
둘째,second
뛰어나다,outstanding
무겁다,heavy
바람,wind
상상,Imagination
소득,income
수도,capital
역,station
인식하다,Cognize
자,ruler
침대,bed
권,volume
뜨다,to rise
맺다,form
수요,demand
스타,star
시계,clock
입술,Lips
잎,leaf
중간,middle
지도자,Leader
천천히,slowly
구성하다,Make up
대체로,generally
때리다,hit
몹시,Really
문득,suddenly
스포츠,sports
위원장,Chairman
저기,excuse me
특별하다,special
효과적,effective
가까이,closely
낫다,better
넘어서다,Be over
볶다,fry
생산하다,Produce
언젠가,someday
예술가,artist
의도,Intentions
저지르다,Make up
줄어들다,Reduce
가만히,Still
건,case
교회,church
대개,mostly
외부,Out
한두,One or two
한때,onetime
화,fury
흙,soil
가난하다,poor
고객,client
과학자,Scientist
관광,tourism
살아오다,Live
상대적,Relative
수술,Operation
식품,food
연기,Acting
일월,January
조,article
첫째,first
회원,member
도서관,library
들려오다,Hear
조금씩,gradually
조미료,Condiment
풀리다,Relent
강력하다,Power
들여다보다,Steep
마늘,garlic
선물,Gift
습관,habit
아주머니,old lady
위험,danger
지하,underground
활용하다,utilize
가꾸다,Render
고민,Worry
떠올리다,recall
맨,Man
법률,law
상처,Wound
좁다,narrow
지하철,subway
집다,nip
현,Hyeon
화면,screen
군,army
대표적,Representative
만일,if
사회적,social
생겨나다,Behold
이어,Following
주부,housewife
진리,truth
태양,Sun
틀림없다,Be sure
프로,Pro
피다,Blossom
공급,supply
도로,road name
동료,colleague
잘못,wrong
지다,lose
채우다,Fill
균형,balance
기본적,Basic
부족,lack
사무실,office
이월,February
일요일,Sunday
접근,Access
지켜보다,Watch
개성,Individuality
달리다,run
더하다,add
띄다,Unpack
무너지다,fallen
보통,commonly
쓰다,write
이러다,Be aware of
일어서다,get up
죄,crime
참,Oh yeah
총장,General
핵심,main point
후반,Latitude
단순히,simply
달려가다,Run
방문,visit
불만,dissatisfaction
불편하다,Uncomfortable
실제,real
종,Bell
피,blood
강,River
관객,audience
동작,movement
뜻하다,Tell
막,membrane
밀리미터,millimeter
비싸다,expensive
숫자,number
열,Heat
왼쪽,left
중세,Middle Ages
택시,taxi
통합,integrated
계산,calculate
꼬리,tail
놀랍다,surprising
양식,form
예전,Previous
저,I
전기,Electric
주식,stock
틀리다,wrong
끊임없이,endlessly
모델,Model
붓다,pour
상식,Common sense
상표,brand
시원하다,Cool
아니하다,Not
어디,where
의식하다,Conscious
고모,aunt
궁금하다,wonder
둘러싸다,Surround
딱,Perfect
뛰다,run
민주화,democratization
보도,sidewalk
살피다,watch
않다,not
약하다,weak
잘못하다,do wrong
잡지,magazine
거부하다,Reject
공무원,public official
그만두다,Quit
댁,House
반갑다,nice to meet
부족,lack
실시,practice
운명,Fate
재정,finance
차라리,rather
학자,Scholar
다녀오다,Go
달다,Sweet
대규모,Large-scale
동,Dong
민간,Civilian
법원,court
비디오,video
사실상,virtually
아끼다,grudge
이쪽,this way
지대,belt
판단하다,Judge
행복하다,Happy
굽다,bake
기름,Oil
실천하다,practice
쏟아지다,Pour
연습,practice
오른쪽,right
용어,Terms
익히다,to cook
지도,map
지위,status
풍부하다,Rich
화장실,restroom
기억하다,remember
식량,food
실험,Experiment
용기,Vessel
토론,debate
핵,nucleus
고급,Advanced
고생,hardship
미치다,crazy
밟다,to step on
상당하다,Equivalent
섞다,combine
수석,top
없애다,Delete
이뤄지다,Fetch
적절하다,proper
정상,normal
제사,ancestral rites
주말,weekend
지혜,wisdom
참새,Sparrow
화장품,cosmetics
굵다,thick
깨끗이,clean
낡다,old
내년,next year
농산물,Agricultural products
눈앞,Forehead
대학생,College student
방문하다,Visit
붉다,Red
사고,accident
순서,order
아무래도,Anyhow
연구소,laboratory
올,all
위대하다,Be great
이사,move
지배하다,rule
틈,aperture
가령,chamberlain
거대하다,Huge
닫다,close
드물다,rare
들르다,drop in at
매달리다,Hang on
생일,birthday
섬,Island
이하,below
참석하다,Attend
토대,foundation
해결,solution
행복,happiness
걸어가다,walk
근로자,worker
글쎄,Well
목숨,life
백화점,Department store
변화하다,Change
병,party
빠져나가다,Go out
안녕하다,Hello
여론,public opinion
의복,cloth
체조,Gymnastics
출발하다,Depart
현실적,Realistic
화제,issue
결정되다,be decided
고양이,cat
공격,attack
물가,price
민주주의,democracy
불안,unrest
소중하다,precious
여유,spare
의문,question
중학교,middle School
킬로미터,kilometer
파도,tide
흰색,White
가수,singer
단,only
방송국,Broadcast stations
빛나다,shine
숨다,hide
실리다,Clarify
압력,pressure
예금,Deposit
예상되다,Predict
입학,Admission
증권,stock
직후,Immediately
차량,vehicle
출산,delivery
물다,bite
선진국,Developed countries
약,approximately
어느새,Suddenly
재판,trial
저쪽,there
제자,student
창문,window
초,candle
치즈,cheese
회복,recovery
구역,area
대응,react
반대하다,Oppose
발휘하다,Exert
소비,Consumption
심장,heart
아이고,Gosh
조용히,quietly
중소기업,SME
직접적,Direct
진실,truth
필자,I am
협력,Cooperation
가스,gas
계층,hierarchy
구멍,hole
담당,charge
만화,manga
먹이다,batten
무시하다,Ignore
보도하다,Report
살짝,a little
생각나다,Behold
우유,milk
인상,impression
차갑다,cold
철저하다,Strike
태아,fetus
관찰하다,Observe
괜히,in vain
끼다,Put on
날개,wing
녀석,guy
눈빛,a look
단지,only
두르다,borrow
드디어,at Las
물속,Water
민주,Democracy
성공하다,Succeed
소나무,Pine tree
여기저기,Here and there
여인,woman
운영하다,operate
평가하다,evaluate
표,graph
필요성,Necessity
감추다,hide
머무르다,stay
모,what
부위,part
비우다,vacate
설치하다,Install
십일월,November
싸다,cheap
아울러,together
지시,instruction
형성하다,Form
형제,brother
화려하다,Gorgeous
거울,winter
덧붙이다,Append
딴,different
몇몇,some
무기,weapon
세계적,Worldwide
안전,safety
양파,onion
이상,more
일종,Sort
처지,situation
촬영,filming
타다,Ride
틀다,turn on
형편,Circumstance
가지,egg plant
감다,reel in
고추,pepper
규칙,rule
본질,nature
비치다,hint
빵,bread
서서히,slowly
스승,teacher
신분,Identity
실시되다,Began
아마도,maybe
안방,Inner room
앓다,be ill
어제,yesterday
오직,Only
위험하다,Dangerous
자신,Myself
잠시,for a bit
졸업하다,graduate
증거,evidence
초점,focus
포함되다,to be included
호랑이,Tiger
강화하다,Reinforce
공포,fear
권위,authority
덜,Less
둥글다,Round
미루다,Postpone
본래,originally
부엌,Kitchen
세금,tax
실정,actual circumstances
영양,nutrition
육체,flesh
입구,Entrance
잔뜩,loads
적극,Aggressive
최소한,at least
펼쳐지다,Unfold
경험하다,Experience
그이,He
넘치다,spill over
놓치다,to let go
대기,Waiting
독립,Independent
돌아보다,Back
또다시,Again
머릿속,Murray
북쪽,North
불안하다,Unstable
쇠고기,beef
위반,violation
주,main
카드,card
평생,forever
해당하다,Correspond
간부,Cadre
관념,Idea
굉장히,greatly
단어,word
덮다,cover
도와주다,help
도입,Introduction
몰다,drive
배우,actor
비추다,irradiate
신발,shoes
알,egg
앞서다,precede
여건,Condition
오래전,lang syne
자격,Qualification
통제,Control
계단,stairs
김치,Kimchi
끄덕이다,Nod
낯설다,strange
높이,Height
닮다,Resemble
마음속,In mind
못지않다,Not
반영하다,Reflect
뼈,bone
성장하다,Grow
소속,belong
연결되다,Connect
장사,Sale
제작,produce
제한,limit
차다,cold
추진,propel
취하다,get drunk
콩,bean
한숨,sigh
헤어지다,Say goodbye
구입하다,Buy
날다,fly
너머,Beyond
동기,motivation
마련,prepared
살,fat
선장,Captain
설탕,Sugar
순수하다,pure
스타일,style
시점,Point
싸다,cheap
의사,doctor
집중,Concentration
코드,code
큰일,Big day
거짓말,lie
대단하다,Awesome
대단히,very
마주,Facing
세계관,Worldview
어제,yesterday
온통,all
의존하다,be dependent
자세히,Details
점심,Lunch
정확히,exactly
지치다,exhausted
청년,youth
혀,tongue
확대하다,to enlarge
후춧가루,Pepper
건설하다,Build
경쟁력,Competitiveness
마침,Finish
신용,credit
연락,Communication
온몸,Whole body
정,affection
정신적,mental
증상,Symptom
출연하다,Starring
칼,knife
한꺼번에,At the same time
강제,compulsion
건너다,to cross
깨다,wake up
낚시,fishing
다가가다,Go closer
뛰어들다,Jump
문자,message
묻다,ask
비롯되다,Come with
슬프다,sad
신부,priest
여겨지다,Be worried
오징어,squid
요금,fee
용돈,Pin money
위주,Gentle
음료,beverage
의자,chair
전자,Electron
전해지다,Shine
전환,transform
지경,Up
진행,Progress
카메라,camera
통증,ache
편리하다,convenient
하천,River
현금,cash
화학,chemistry
활발하다,It is actively
가리다,blind
거칠다,crudity
그나마,A
그야말로,That's me
껍질,skin
남부,Southern
명령,Command
몰래,stealthily
무조건,must
반장,Class monitor
부근,vicinity
선택,select
역사가,historian
연구자,Researcher
연기자,actor
워낙,So
정리,organize
조그맣다,Be achieved
줄기,stem
찾아내다,Find out
토요일,Saturday
경찰관,police officer
권하다,recommend
극장,theater
끝내,End
대문,main door
더욱이,Furthermore
별도,Separate
비극,tragedy
솜씨,workmanship
시내,Downtown
신,God
실내,inside
쏟다,pour out
연결하다,Interlink
외교,diplomacy
주머니,pocket
계약,contract
과장,exaggeration
극,pole
나란히,side by side
다방,coffee house
부끄럽다,I'm embarrassed
성공,success
수행하다,Conduct
신청,application
실로,Thread
아픔,pain
알아듣다,understand
약간,slightly
연기,Acting
이동,move
인연,Destiny
일행,party
지도,map
지식인,intellectual
진지하다,Serious
치다,hit
호흡,Breath
흔들리다,Oscillate
근본,Fundamental
기온,Temperatures
날아가다,Flew
많아지다,Have a lot of
바위,rock
버릇,Habit
비판하다,Criticize
빨갛다,Reduce
세워지다,Establish
술집,bar
쉬다,rest
오랜만,Long time no see
일부러,on purpose
전체적,Overall
절반,half
접근하다,draw close
편안하다,It is comfortable
풍경,Scenery
확실히,surely
흩어지다,scatter
갈다,Sharpen
교류,A.C
글쓰기,writing
기후,climate
내내,all the time
대기업,major company
대응하다,to deal with
도구,tool
매력,Charm
백,hundred
보험,insurance
부럽다,envy
부장,Director
섞이다,be mixed
소,cow
심리,trial
심정,Sincerity
쏘다,shot
아줌마,Madame
위치하다,to be placed
이룩하다,Fulfill
이틀,Two days
전달하다,deliver
정말로,really
추다,dance
켜다,turn on
코너,corner
행동하다,Act
형사,Detective
희곡,drama
감동,moved
공항,airplane
군인,soldier
굳이,Dare
그늘,shade
급하다,in a hurry
달걀,egg
대중문화,Popular culture
마련되다,Set up
마루,Floor
무게,weight
물기,Water
성적,sexual
솔직히,To be honest
시도하다,Attempt
아니요,no
예절,etiquette
인상,impression
인터넷,Internet
적용하다,apply
전통적,Traditional
참가하다,Participate
치마,skirt
친척,Relative
특정하다,Specify
호텔,hotel
경계,boundary
공식,Formula
그다지,very
긴장,Nervous
깎다,cut
다리,Leg
따라가다,to follow
머물다,stay
명예,honor
뱃사람,seafarer
부처,Buddha
숙이다,Souse
아가씨,miss
온도,Temperature
이마,forehead
절대로,never
지붕,roof
지원하다,Support
진짜,really
짙다,Dich
창밖,Outside window
청소,cleaning
침묵,silence
텍스트,text
표면,surface
햇살,sunlight
객관적,Objective
걱정하다,Worry
경제적,economical
구름,cloud
구석,corner
끄다,turn off
담당하다,It is responsible for
둥지,nest
벗기다,peel
부대,army unit
불빛,fire
서클,circle
시청자,viewers
실체,substance
엄격하다,strict
완벽하다,It is perfect
완전하다,Fully
절,I
종업원,Employee
증가,increase
출연,Exit
학기,semester
한동안,for a while
후기,review
계절,season
만지다,touch
목사,Minister
바늘,needle
버티다,Withstand
부,wealth
분포하다,Distribute
비중,importance
수입,income
아이디어,idea
양쪽,both side
예컨대,for example
운동장,Playground
전개,deployment
접촉,contact
짐,load
풀,grass
해마다,year after year
후배,Junior
휴가,vacation
경기,game
계곡,Valley
국회의원,member of Congress
다투다,contend
도저히,Quietly
뻗다,stretch
생활하다,live
솔직하다,honest
안타깝다,Regretful
앞장서다,Take ahead
요청하다,request
이르다,early
일치하다,Coincide
젓다,row
정치권,Politician
처녀,Virgin
축제,festival
터뜨리다,Bite
학습,learning
개발되다,Develop
높이,Height
당연히,of course
대비하다,prepare
동쪽,East
떨리다,nervous
마구,harness
만남,meeting
미디어,media
복도,corridor
수상,Awards
쓰러지다,Fall down
영상,video
영혼,soul
운전사,driver
자랑스럽다,proud
잠깐,for a moment
적당하다,It is suitable
적용되다,Apply
주,main
지속적,constantly
진행하다,progress
차별,discrimination
곳곳,Lots
구분,division
금지,prohibition
내지,To
달려오다,Ride
둘러보다,Look around
분노,anger
비교,comparison
소위,ensign
스치다,lick
역사적,classic
열차,train
요즈음,these days
유난히,Exceptionally
의무,duty
잃어버리다,lose
잠깐,for a moment
잠들다,fall asleep
정식,Formally
조용하다,quiet
즉시,Immediately
최선,best
탑,tower
한복,Han bok
활동하다,To be active
건축,construct
귀엽다,cute
답답하다,frustrated
당황하다,Panic
동일하다,same
떨어뜨리다,To drop
똑같이,same
라면,Ramen
말,word
밀가루,flour
바깥,outside
바지,Pants
벌리다,be profitable
보고서,report
보관하다,store
부딪치다,Strike
빨래,Wash
상하다,rot
설치,installation
식용유,cooking oil
싫어하다,Dislike
업종,Sectors
연출,Production
테이블,table
트이다,Tits
피곤하다,tired
한국어,Korean
한자,Chinese character
겁,cowardice
관리,management
국제화,Internationalization
근육,muscle
깔리다,Take
사전,dictionary
산소,Oxygen
석유,oil
소리치다,to yell
시,city
신선하다,fresh
안경,glasses
약속하다,Promise
연합,Union
인격,personality
장,page
적,enemy
조심하다,Be careful
질,quality
찌르다,stab
책임자,Personnel
총,gun
취미,hobby
표,graph
품목,subject
확대되다,Expand
거실,living room
논,rice paddy
덥다,hot
둘째,second
바보,Silly
별,star
보람,Reward
부작용,Side Effect
비난,criticism
신고,Declaration
야구,baseball
어떡하다,Disable
예상,expectation
위협,Threat
이,this
이상,more
잠기다,sink
주고받다,give and take
주먹,fist
지지,support
털다,whisk
경고,warning
공개하다,Open to the public
과목,subject
구경,caliber
그분,His
근무,work
논쟁,arguement
달아나다,Run away
묶다,tie
성명,name
소스,sauce
수십,Dozens
신다,put on
우리말,Our words
유교,Confucianism
이불,bedding
이성,Sane
일상,daily life
자동,Automatic
장래,future
전개되다,Deploy
죄송하다,sorry
중요성,importance
크다,Big
탤런트,Talent
특별히,especially
품질,quality
회견,interview
훔치다,steal
흔적,trace
고전,classic
과학적,Scientific
구분하다,divide
그럼,then
뇌,brain
봉투,envelope
분명,certainly
사설,editorial
승리,Victory
좌우,Right and left
주,main
지다,lose
추억,memory
하여튼,anyway
함부로,thoughtlessly
향기,Scent
현지,local
가늘다,Thin
개인적,Personal
겉,outside
굽히다,bend
근무하다,work
깜짝,surprise
넓히다,widen
대,big
떠들다,be noisy
매년,every year
발생,generation
셋,three
소주,soju
손바닥,Palm
승용차,car
어색하다,It is awkward
얹다,put on
의학,Medicine
장점,Advantages
적당히,Moderately
줍다,pick up
진출,debouchment
창조,creation
킬로그램,kilogram
평범하다,normal
프로,Pro
홍보,promotion
확인,Confirm
가루,powder
건지다,Get
깨지다,be broken
내다보다,Fetch
대량,block
동행,Accompaniment
들,field
떼,group
마땅하다,Wipe out
바로잡다,Straighten
박히다,enter
방금,just now
생선,fish
슬픔,sadness
아무렇다,Nodify
이용되다,Use
이튿날,the next day
임시,temporary
제거하다,Remove
줄다,shrink
지구,Earth
지우다,erase
참기름,Sesame oil
통,container
특수,special
팬,Pan
합치다,combine
호기심,curiosity
골목,alley
기운,Strength
기획,plan
대충,Roughly
돌아서다,Turn around
동화,Fairytale
두껍다,thick
맞서다,stand opposite each other
모자라다,not enough
박다,drive
본성,original nature
상상하다,Imagine
생산력,productivity
셋째,third
안전하다,safe
유학,Study Abroad
이르다,early
장비,equipment
정치인,politician
정치적,Political
졸업,Graduated
처벌,punishment
카페,Cafe
콤플렉스,complex
검토,Review
그다음,next
기법,technique
끓다,boil
날아오다,Fly
농담,Joke
닭,chicken
담임,Ward
도중,During
두드러지다,Steep
맥주,beer
모래,sand
살아남다,Survive
살인,Murder
성질,Property
신호,signal
아버님,father
의심하다,Doubt
인,sign
잇따르다,Pour
자랑하다,Proud
자판,Keyboard
적용,apply
전기,Electric
중반,Medium
지시하다,Indict
출발,Start
허용하다,permit
가르침,teaching
각국,Earth
교과서,textbook
그려지다,Draw
꾸준히,Steadily
년도,year
다수,many
덕분,thanks for
돼지,pig
두드리다,knock
무리,swarm
물음,question
빌다,beg
수영,Swimming
스님,monk
썩다,rot
어머님,mother
엉뚱하다,Untouch
여보,honey
잊어버리다,forget
정면,face
조각,piece
태우다,Burn
해석,Translate
가리다,blind
개국,Nurse country
계산하다,Calculate
근원,Source
기차,train
담그다,Dip
마음대로,as you please
며느리,Daughter-in-law
믿음,trust
발견,discovery
보고,report
부탁하다,Beg
사용자,user
사회주의,socialism
설치되다,Install
수도권,Metropolitan area
식탁,table
실패하다,fail
영원하다,Eternity
우연히,by chance
자극,Stimulation
정해지다,Destine
직접,directly
짚다,Straw
총리,Prime Minister
칭찬,compliment
튼튼하다,strong
햇빛,sunshine
공원,Park
긍정적,positive
논의하다,discuss
대출,loan
덕,virtue
돌보다,Take care
뒤집다,reverse
먼지,dust
바닷가,Beach
바치다,devote
반하다,fall in love
발표되다,Announce
부정하다,Negate
불러일으키다,Cough
사원,employee
소유자,owner
씹다,chew
아무튼,Anyway
안되다,Furnish
액수,Summary
왠지,Somehow
욕심,greed
우승,Championship
익다,ripe
제출하다,submit
조심스럽다,Be careful
직전,eve
짐작하다,Guess
택하다,select
터,place
피시,Fish
흘러나오다,Fulfill
가구,furniture
간단히,simply
강물,River
거꾸로,Backwards
궁극적,Ultimate
극히,like mad
기여하다,Contribute
꼭,please
날짜,date
대륙,continent
되게,very
뒤따르다,beset
리듬,rhythm
모니터,monitor
범인,criminal
변동,Variance
불가피하다,Unpart
삶다,Boil
샌드위치,Sandwich
서류,document
손해,loss
숨지다,Hide
아유,Ayu
요청,request
운,luck
일상생활,Everyday life
자존심,Pride
주저앉다,Sit down
증권사,Securities companies
진하다,Get
초원,grassland
최종,final
회복하다,to recover
흘러가다,Fulfill
흥미,interest
검사,test
그쪽,That side
꾸다,Fence
내려다보다,Overloar
눈썹,Eyebrow
대신하다,It is instead
두렵다,afraid
등장,appear
디자인,design
마디,word
미처,Maternity
비닐,vinyl
비율,ratio
생물,Biology
소음,noise
양국,Two countries
얼핏,Gothing
오래되다,Long time no see
웬,wen
조각,piece
중부,Central
차,car
채소,vegetable
침,saliva
털,hair
판매하다,sell
항의,protest
해당,Applicable
확보,secure
환경오염,Pollution
가치관,Values
검은색,Black color
고생하다,Is suffering
기원전,B.C.
기타,etc
긴급,Emergency
꺾다,break
꿈꾸다,Dreaming
무려,whopping
묻히다,smear
수표,check
실태,Actuality
아쉽다,it's a shame
애정,Affection
얘,He
어머,Oh
여보세요,Hello
일정,schedule
장르,genre
저렇다,So
접하다,meet
정성,Qualitative
제약,Restrictions
쫓다,run
천,cloth
추가,addition
테이프,tape
품,Yarn
해석,Translate
확인되다,Check
가하다,inflict
간장,Soy sauce
강의,lecture
거,thing
고민하다,Be in agony
과,class
교환,exchange
국어,Korean
노랗다,Yellow
다치다,get hurt
동양,Eastern
동포,compatriots
뚫다,bore
상,Prize
새,bird
악기,instrument
연말,Year-end
올려놓다,put on
외면하다,Exterminate
원고,Manuscript
정말,really
줄곧,All day
지출,expenditure
차,car
치우다,clean up
피로,fatigue
향,incense
개선하다,Improve
계좌,account
당기다,pull
도,do
들다,Hold
따르다,follow
말기,last period
말없이,Without words
망하다,failed
문서,document
박수,applause
부자,Wealthy
사흘,three days
서쪽,West
성립되다,Establish
손자,grandson
신랑,groom
실습,Training
일찍이,early
자율,autonomy
제법,quite
집중되다,Focus
창조적,Creative
천장,ceiling
파다,dig
하긴,but
해결되다,solved
향상,Improving
화가,artist
가라앉다,Sink
감싸다,cover
고작,Manner
구경하다,take a look
국물,soup
기구,Instrument
깔다,lay
다짐하다,Comply with
대합실,waiting room
말씀드리다,Give
매장,store
멀어지다,get further away
명칭,designation
불쌍하다,poor
상업,Commerce
생산되다,Produce
숨기다,hide
실력,skill
야채,vegetable
엉덩이,hip
울음,weeping
이달,This month
인체,anatomy
저고리,Key
전부,all
즐거움,joy
지다,lose
진단,Diagnosis
질병,disease
짜다,salty
체력,health
친하다,close
헤아리다,Disappear
각기,each
경찰서,Police office
곧바로,Right away
관찰,observe
구두,shoes
군사,Military
귀신,ghost
귀하다,Behold
그토록,So
기초하다,Base
깊이,depth
나뭇가지,branch
낫다,better
답하다,Answer
대가,cost
더위,heat
되찾다,get back
말리다,dry
무덤,tomb
물결,wave
밥상,Date of rice
보장하다,Vouch
사과,apologize
사귀다,make friends with
서너,Tester
솟다,tower
실패,failure
예상하다,expect
예외,exception
완전,very
웃기다,funny
유리,glass
절대적,Absolute
제작하다,It is produced
쥐,mouse
최대한,Most
턱,chin
팔리다,sell
품다,incubate
하하,haha
형부,Brother-in-law
휴식,rest
굳다,Stiff
굳어지다,Stiffen
굶다,starve
금년,this year
기기,device
까맣다,Black
나침반,Compass
농부,farmer
대학원,Graduate school
더럽다,dirty
도달하다,Reach
뒤늦다,Back
뒤지다,fall behind
등록,Enrollment
디스크,disk
맛보다,taste
무늬,pattern
문장,sentence
묻다,ask
변호사,lawyer
상,Prize
상상력,imagination
여학생,female student
영업,sales
예,Yes
예방,prevention
완성,complete
유리하다,It is advantageous
자연환경,natural environment
증명하다,Prove
지적되다,Point
지점,Point
철저히,thoroughly
코스,course
학부모,parents
합리적,rational
해석하다,Interpret
힘쓰다,Trouble
거듭,Repeat
귀국하다,Return home
기뻐하다,I am happy
날리다,fly
내려놓다,Put down
냉장고,Refrigerator
당근,carrot
덜다,subtract
뛰어넘다,Jump
마누라,wife
맞이하다,greet
불행하다,Unhappy
신고하다,report
연속,continuity
외롭다,lonely
욕,swear word
원장,ledger
유물,relics
저절로,Overlooking
절,I
정비,Maintenance
주의,caution
지난번,last time
집어넣다,Put in
통계,statistics
파일,file
판,board
피해자,victim
필수적,essential
학용품,stationery
화분,pot
환하다,clear
갈색,Brown
감기,cold
강남,Gangnam
구속되다,Arrest
돌아다니다,Roam
등등,etc
멋지다,cool
반발,repulsion
반찬,side dish
방지,Prevention
배다,conceive
보장,guarantee
빠져나오다,Exit
새다,leak
소개되다,Introduce
씨,Seed
안쪽,inside
억울하다,It is unfair
오가다,come and go
요구되다,Demand
음성,voice
이윽고,yet
장식,decoration
전개하다,Deploy
전날,eve
전반적,Overall
척하다,Pretend
풍습,custom
한가운데,midst
한정되다,Be limited
해내다,accomplish
흉내,mimicry
감옥,prison
갚다,pay back
건전하다,Bet
결혼식,Wedding ceremony
계산기,Calculator
광장,Plaza
그렇지,right
깨다,wake up
꽉,closely
끼우다,insert
노래하다,Sing
다듬다,trim
다름없다,There is no difference.
당당하다,confident
댐,dam
덩어리,Lump
두뇌,brains
등,etc
모처럼,Like
물리학,Physics
벌,punishment
부정적,negative
북부,Northern
분리,separation
상당,Equivalent
세다,count
소개,Introduce
수화기,receiver
애인,lover
애초,Elderly
얇다,thin
양념,seasoning
에,to
오염되다,Contaminate
오해,misunderstanding
웬일,What-day
의식,Consciousness
의지하다,Rely
일기,diary
절대,never
제한하다,Restrict
존중하다,respect
창고,warehouse
채,stick
책임지다,Vouch
청춘,youth
초반,Early
트럭,truck
파,green onion
폭넓다,Extend
표현되다,Express
학번,Student ID
학원,Academy
허가,permission
헤매다,wander about
가장,the most
곡,song
곡식,grain
꽂다,stick
두려움,fear
망설이다,Hesitate
무리,swarm
버터,butter
별다르다,Distance
보편적,Universal
부품,part
뻔하다,Obscure
뽑히다,Pull out
상담,consulting
서부,Western
속담,Proverb
시중,city
심사,judge
아이,kid
앞세우다,Set up
유사하다,similar
유치원,kindergarden
의욕,Will
인근,vicinity
일반인,General
작성하다,Draw up
전공,Major
정기,Routine
제의,suggest
종일,all day
좋아지다,Get better
차림,Exile
창조하다,Create
추위,cold
토마토,tomato
파랗다,Blue
펴내다,Turn out
하드웨어,hardware
화장,Makeup
가져가다,Take away
감자,potato
강렬하다,Intense
갖다,have
괴롭다,pain
교통사고,Traffic Accident
군데,Having
내일,tomorrow
되풀이하다,Repeat
딱,Perfect
리,Lee
메시지,message
면하다,Face
모색하다,Seize
붙잡다,seize
빛깔,color
뺨,cheek
사방,Everywhere
살림,livelihood
실현,present
아냐,Nope
연예인,Celebrity
영원히,forever
월급,salary
유행,trend
이내,Within
이리,Wolf
제발,please
차츰,Gradually
투표,vote
파괴하다,destroy
하느님,God
해당되다,Correspond
홀로,alone
가까이,closely
가득하다,full in here
각자,Each
감히,dare
강요하다,Compel
개미,ant
관습,custom
광경,scene
금세,Money
낮추다,lower
내주다,let
명의,Name
물고기,fish
물러나다,Back
밀접하다,Close
부탁,Request
분량,amount
불과,Just
뻔하다,Obscure
상자,Box
새해,New Year
소박하다,Rustic
수없이,Countless
승진,promotion
양,sheep
얼음,ice
열매,Fruit
적히다,Rather
점수,score
제한되다,Limit
지속되다,continue
쫓기다,Pear
쭉,Tall
통장,Bank book
평가되다,Evolve
하도,Subway
한창,Trunk
해안,Coast
호박,pumpkin
흑인,black
간,liver
갇히다,be confined
결심하다,Decide
경기장,Stadium
고장,breakdown
근로,Work
눈동자,pupil
늦다,late
닥치다,befall
도시락,lunch box
뜯다,Pick up
몸짓,gesture
부담하다,Bear
부회장,vice-chairman
빼앗다,Steal
삼키다,gulp down
성실하다,Faith
스튜디오,studio
실제,real
요새,these days
이상적,Ideal
일쑤,Days
일체,one body
자꾸만,keeps on
잦다,often
절망,despair
접다,fold
제시되다,Present
주방,kitchen
진출하다,Advance
짜증,petulance
첫날,First day
통과하다,Pass
투명하다,Transparency
확산되다,Spread
경력,career
고통스럽다,Pain
곤란하다,It is difficult
공중,Public
공해,Pollution
귀찮다,Annoying
기대다,lean
깨어나다,wake up
꼽히다,Behold
대다수,plurality
듯싶다,Want
먹이,food
무,radish
무료,free
밉다,hate
발레,ballet
상징하다,symbolizes
실현하다,Realize
아깝다,what a waste
안정되다,Stabilize
어리석다,stupid
엎드리다,kneel down
여럿,many
연설,speech
연필,pencil
염려,worry
우습다,Crown
운전,drive
익숙하다,be used to
일자,Date
잔치,party
전달되다,Deliver
전부,all
차다,cold
치료하다,Treat
칸,Cannes
한,One
갈수록,Great
갖가지,Visiting
거절하다,refuse
관광객,tourist
구별하다,Distinguish
국,soup
다행,Relief
동의,agreement
마무리,finish
마주치다,Come across
막상,Overhead
몇,some
몸통,body
못,pond
묘사하다,Depict
미술관,Art gallery
베다,mow
보장되다,Guarantee
볼,cheek
부분적,Partial
불고기,Bul Gogi
불리다,Blow
불행,Unhappiness
비명,scream
순수,pure
시각,Time
실질적,Practical
안개,Fog
여름철,Summer
오로지,only
완성하다,to complete
이런저런,Such a
임무,mission
자연히,naturally
장난,joke
저런,That
전용,private
지극히,Extremely
청하다,ask
확정,confirmed
가상,email
각자,Each
간혹,sometimes
개방하다,Open
관계되다,Relate
국산,Domestic
그해,That year
꺼지다,go out
꼭대기,top
끊어지다,Break
도,do
리그,League
마이크,MIC
만족하다,Is satisfied
메우다,fill up
면적,area
목욕,bath
반성,regret
벌떡,Strip
보상,compensation
분리되다,Separate
빚,debt
새기다,carve
서민,people
석,three
선정하다,select
세다,count
소수,decimal
쇼,show
수학,math
시어머니,mother-in-law
시집,divan
연간,yearly
영화제,Film festival
예측하다,predict
용도,purpose
의심,doubt
이동하다,move
자극하다,stimulate
재빨리,quickly
적합하다,Suitable
전화번호,Phone number
조절하다,Modulate
조정,adjustment
중얼거리다,Mumble
지급하다,Paid
확장,expand
힘차다,Render
감사하다,Thank
건조,dry
고요하다,Quiet
그대,you
그립다,Miss you
긋다,draw
기둥,Pillar
긴장하다,nervous
날카롭다,Sharp
논하다,reason
느리다,slow
도덕,moral
동부,Eastern
뒷모습,back
똑똑하다,Smart
만,just
만만하다,Only
못되다,Furnish
보고하다,Make a report
사무소,office
사촌,cousin
상,Prize
상인,merchant
선언하다,declare
소원,wish
수입하다,Import
식다,cool down
엿보다,watch for
완성되다,Finish
유적,ruins
일생,lifetime
입히다,plate
잡아먹다,Take
정보화,Informationization
종종,often
지갑,wallet
차다,cold
창작,Creation
축소,reduction
취향,taste
친절하다,nice
카운터,counter
탄생하다,Be born
하숙집,Boarding house
학급,class
해군,Navy
효율적,efficient
가슴속,breast
간,liver
간판,Sign
건드리다,Tack
관리하다,Administrate
괴로움,suffering
근거하다,Understood
금액,Price
다행히,Fortunately
달래다,lull
동아리,club
따라오다,Follow
말리다,dry
맘,Mam
먹다,eat
명절,holiday
못하다,Can not do it
바이올린,violin
밝혀내다,Reveal
부서지다,break
비행,flight
상관없다,Does not matter
성립하다,Establish
수명,life span
시즌,season
신기하다,Miraculous
업다,Get up
예감,presentiment
음식물,prog
자신감,Confidence
죄인,sinner
주의하다,pay heed to
준비물,materials
천,cloth
출입,coming and going
쾌감,Pleasure
탄생,birth
튀다,splatter
하필,Harf Phil
활용,uses
회색,Gray
거액,mint
고교,High school
고집하다,Stubbind
곧잘,Soon
골짜기,valley
교훈,Lesson
구르다,recoil
글씨,Writing
노래방,karaoke
단편,snippet
달다,Sweet
대처하다,Cope
매다,Tie
머리카락,hair
명확하다,Clarify
발걸음,footfall
발길,Foot
벌레,bug
빼앗기다,Take away
생산자,producer
선진,Advanced
성인,adult
소매,Sleeve
시멘트,cement
신규,new
신청하다,Put in for
실은,actually
심판,Referee
안기다,Fetch
양심,Conscience
이사장,Chairman
이자,interest
익숙해지다,Accustomed
자세하다,Put on
저거,that
저축,saving
제비,swallow
제안,proposal
제안하다,Propose
증세,Symptom
지난날,Last Day
진급,promotion
콩나물,Bean sprouts
튀어나오다,pop up
표준,Standard
항구,Harbor
허용,permit
헬기,helicopter
간신히,barely
갈아입다,change
감다,reel in
같이하다,Put together
거짓,lie
거품,bubble
걸어오다,Walk
공군,air Force
기술자,technician
나물,Herbs
년생,Years old
달리기,running
대도시,big city
도둑,theif
도전,challenge
면,noodle
모자,hat
보조,assistant
불리하다,Disadvantage
불편,Inconvenience
비비다,rub
사과,apologize
살아나다,Live
소파,Sofa
속이다,cheat
수면,Sleep
수천,Thousand
스무,Twist
승부,Ward
시기,period
신념,belief
신입생,freshman
어린아이,Young kid
어쩐지,no wonder
여간,Fully
역,station
연락하다,contact
영향력,Influence
예의,Courtesy
이내,Within
이리저리,back and forth
인간적,Human
인사하다,Greet
임금,wage
잘나다,Fully
재능,Talent
지불하다,Pay
파출소,Pharma
판,board
한문,Chinese
건네주다,Pass
결승,finals
공공,public
교양,Culture
국왕,King
규칙적,regular
극복,Overcome
글쎄요,well
내려지다,Fall down
냉동,frozen
녹다,melt
대개,mostly
배추,Napa cabbage
센터,center
수염,mustache
수집하다,collect
승객,passenger
싱싱하다,Singing
아아,iced coffee
어리다,young
여권,passport
열쇠,key
오렌지,Orange
외모,look
인공,art
잠자리,dragonfly
장남,eldest son
저마다,Every time
전국적,Nationwide
전반,Overall
제자리,In place
지루하다,Bored
척,chuck
포도주,wine
학술,Academic
혈액,blood
화살,arrow
화재,fire
가르다,divide
각각,each
간격,interval
고함,shout
공격하다,attack
그놈,Gnome
기록되다,Record
끝없다,End
끼어들다,Interrange
노선,route
답,answer
대사,line
도망치다,run away
독서,Reading
동,Dong
동의하다,Agree
딱딱하다,It's hard
땅속,bowels of the earth
벌금,Fine
복,luck
봉사,volunteer
부서,Department
성,Castle
소형,small type
신인,new man
악몽,nightmare
안내,guide
앞뒤,Back and forth
언덕,Hill
열정,enthusiasm
오페라,opera
입맛,taste
재즈,jazz
적응하다,It is adapted
절대,never
접시,Dish
제공,offer
지나치다,go too far
참가,attend
체중,weight
추석,Thanksgiving
충돌,crash
통로,Passage
포장,packaging
해소,solution
행해지다,Be done
현관,entrance
현대인,modern
혜택,Benefits
호수,Lake
확,sudden
건너가다,Go across
골고루,Evenly
구석구석,Corner
그제서야,So
껌,chewing gum
녹색,green
다,all
등록증,Registration certificate
막내,the youngest
반복되다,Repeat
발전,Development
방해,Hindrance
번호,number
벼,rice
본인,me
상점,shop
수백,Hundreds
실장,head of a department
쓸쓸하다,I am lonely
악수,handshake
애,baby
어지럽다,dizzy
어찌하다,Impure
예정되다,Be scheduled
이중,double
인원,personnel
인정받다,Affirmed
인터뷰,interview
입학하다,Enter a school
자랑,Boast
저것,that
정문,Front Door
착각,mistaken
창,window
친정,Jar
켜지다,Turn on
타입,type
팩,pack
표시하다,Denote
행하다,hold
활짝,Wide
감상하다,Appreciate
개별,Individual
공식적,Formal
그런대로,enough
기독교,Christian
깨달음,enlightenment
끼다,Put on
넘어지다,fall down
눈부시다,Dazzle
단점,disadvantage
들려주다,Hear
뚜껑,Lid
마음먹다,Ease
목록,List
반복하다,repeat
반성하다,reflect
별명,Nickname
보전,integrity
불어오다,Blow
소유하다,own
수박,watermelon
스위치,switch
신세,Sag
아까,earlier
알아내다,to find out
암,cancer
야단,Fuss
얘,He
엔,N
연결,connect
연관,Relation
용서하다,Forgive
우정,friendship
육군,army
음식점,restaurant
의논하다,to discuss
인분,Servings
주요하다,Lead
죽,porridge
차마,Come on
참조,Reference
첫째,first
타고나다,Ride
태우다,Burn
행사,event
향수,perfume
허용되다,Accept
가입,join
가정,home
과자,snack
교체,substitute
김,seaweed
꼬마,child
끝없이,eternally
나르다,tote
놀리다,Badinage
늘어놓다,Lion
닫히다,shut
대표하다,to represent
대학교,University
도로,road name
돼지고기,Pork
두려워하다,to be afraid of
뜻밖,Out
막걸리,Makgeolli
맡다,take on
미스,miss
밀리다,be shaved
밥그릇,Bob bowl
방문,visit
병들다,Ill
부러지다,Break
불꽃,flame
상대성,relativity
설문,survey
소설가,novelist
쓸다,Wipe out
안녕히,Bye
안팎,Inside
예방하다,prevent
올,all
유의하다,Pay
유학,Study Abroad
이해되다,Understand
인하,Cut
작성,write
잘리다,cut
전달,relay
전시회,Exhibition
전화하다,make a phone call to
전환하다,Convert
정치학,politics
좌석,seat
주문,order
집안일,housework
체계적,Systematic
출근,Go to work
크림,cream
탁월하다,Be excellent
텅,Tongue
토하다,vomit
푹,Figurine
한순간,A moment
가사,lyrics
가입자,Subscribers
감소하다,Diminish
개구리,frog
결과적,"As a result,"
괴롭히다,bother
구별,Distinction
깨우다,wake up
끈,string
끊기다,Break
끊임없다,Endeavor
넉넉하다,Conquer
동전,coin
두어,Bite
마약,drug
밑바닥,bottom
보도되다,Report
보리,barley
본부,headquarters
부,wealth
성숙하다,Mature
소극적,passive
소용,use
손질하다,Trim
수건,Towel
순식간,wink
시도,trial
시집,divan
아무개,One
약점,Weakness
양복,suit
어째서,why
어쩌다,What
얼다,freeze
여,female
연령,age
예비,Spare
울음소리,crying sound
이놈,this guy
이력서,resume
인정되다,Recognize
잠자다,sleep
젓가락,chopsticks
주년,Anniversary
중단하다,Interrupt
중대하다,Grave
중심지,center
집중적,Intensive
참되다,Twist
초청,invitation
출판사,publisher
탁자,table
토끼,rabbit
퍽,puck
풍속,Wind speed
피아노,piano
핑계,excuse
한층,even
행운,luck
가로막다,Cross
간섭,Interference
갈증,thirst
갑작스럽다,Suddenly
교환하다,exchange
그래야,So that
기원,origin
길가,roadside
난리,Frenzy
남매,siblings
내버리다,Disappear
달리하다,Run
뛰어가다,Jump
미사일,missile
발가락,toes
보존,preservation
보호되다,Protect
뵙다,meet
부치다,send
상관,relation
설명되다,Explain
섭섭하다,feel dissapointed
세,count
세련되다,Stylish
손쉽다,Snip
안주,snack
어린애,child
열기,Heat
옷차림,getup
위로하다,console
이같이,Same
인형,doll
일치,Same
재생,play
전철,subway
찢어지다,Tear
철학자,philosopher
축하하다,Celebrate
컬러,color
통화,call
특이하다,Unusual
필연적,Inevitable
하룻밤,Overnight
흘러내리다,Fulfill
가짜,fake
강도,burglar
곰,bear
급히,in haste
기념,Commemoration
나아지다,Get better
넘어오다,Override
되돌리다,get back
띄우다,ferment
매너,manner
민속,Folk
버려지다,Discard
빗물,rainwater
사위,son-in-law
설날,new Year
설득하다,Persuade
손질,trim
손톱,Fingernail
식빵,bread
아르바이트,Part time job
외로움,loneliness
외우다,memorize
운전자,operator
유리창,sash
입대,Enrollment
적성,aptitude
전망하다,Prospect
집단적,Collective
차이점,difference
찬물,Cold water
철도,railroad
총각,bachelor
캠페인,campaign
태풍,Typhoon
한눈,Glance
햇볕,Sunshine
홍수,flood
가뭄,drought
간접,Indirect
강력히,Strongly
개선되다,Improve
건네다,carry across
게,crab
결심,Determination
곧장,right away
교직,union
구속하다,Constraint
귀중하다,Precious
긁다,scratch
금지하다,to prohibit
기사,Article
기숙사,dormitory
나뭇잎,leaf
내쉬다,exhale
넓어지다,Widen
늘어지다,Stretch
단독,Exclusive
마당,yard
마음껏,Favorite
몰려들다,Flock
미팅,Meeting
바,bar
바퀴,wheel
발자국,footprint
뱉다,disgorge
벌어지다,Turn up
보너스,bonus
산책,walk
생기,vitality
서적,books
소화,digestion
수험생,Examine
시끄럽다,noisy
신세대,New generation
안기다,Fetch
어기다,violate
어때,how
엘리베이터,elevator
연구원,researcher
연애,romantic relationship
연휴,Holidays
요약하다,summarize
운동하다,exercise
월요일,Monday
위성,satellite
의외로,Unexpected
이모,aunt
자살,Suicide
제시,proposal
제외되다,Exclude
조카,nephew
주소,address
찍히다,Take out
철,steel
취직,Job
타락,Corruption
통화,call
틀림없이,Surely
파티,party
회관,hall
계획하다,Plan
공연장,concert hall
국적,nationality
근래,Recruitment
나뉘다,Divide
낱말,word
내외,Inner foreign
냄비,pot
늑대,A wolf
늘어서다,Lean
다정하다,considerate
달다,Sweet
달려들다,Rush
망원경,telescope
모범,Example
무리하다,overwork
묶이다,knot
방해하다,interrupt
뱀,snake
벌,punishment
뵈다,See
상류,Upstream
석,three
선명하다,Sharpen
선호하다,prefer
성공적,successful
소규모,Small scale
수시로,frequently
시야,eyesight
실현되다,Realize
아니야,no
어느덧,Either
오르내리다,Climb
왕자,Prince
우수하다,great
유명,famous
유형,type
으레,Wright
일상적,Daily
일일이,Daily
전공하다,Specialize
전후,order
정상,normal
정상적,normal
질적,Qualitative
척,chuck
철,steel
청소하다,Sweep
충격적,Shock
치아,teeth
판,board
편의,Convenience
폐지,abolition
해설,Commentary
헌,Man
흑백,Gray-scale
희생,sacrifice
가까워지다,closer
감사하다,Thank
강도,burglar
경비,security
경제력,economic power
금하다,Be afraid
기대되다,Expect
깊숙이,Depth
꿀,honey
넘어뜨리다,Fall down
농사짓다,Farmize
단단하다,hard
담당자,manager
답변,answer
대비,prepare
대체,how
더욱더,More
도심,downtown
된장,Miso
둘러싸이다,Surround
등산,Mountain climbing
마찰,friction
마크,Mark
만족,satisfied
망치다,ruin